apgemeldet,abmelden
aplikation,Applikation
gruess,Gruss
allgemeinbildenden-unterricht,Allgemeinbildende
remoteddesktop,reden
fahrwerkapp,fahren
ihk-app,kappen
auset,hausen
kt,Akt
í,ab
demosei,Demo
coupen-cod,Coupe
ersatzpc,Ersatz
coudfunktion,umfunktionieren
-son,so
baranowski,Janowski
indermaur,indem
grundlagebuch,Grundlage
alexandra,Alexandra
log-,l√ºgen
prolbl,polen
lizens,Blitzen
eifach,einfach
angestrich,anstreichen
fvro,frieren
app-zeich,appetitlich
daamit,damit
vsw/agvs,Saga
amrhein,Arche
occured,Credo
abgestutzt,stutzen
gleih,gleichen
zweiradberuf,Zweirad
aktivitungscod,Aktivist
fruendlich,freundlich
de-,der
bernutzernam,benutzen
fehlerprotokoll,fehlen
beed,beben
wilerweg,wildern
reihn,Reihe
runtergefahr,daruntergefallen
konntet,k√∂nnen
heu,Heu
geraeteanzahl,Geradelte
markierfunktion,markieren
installationsversuch,Installation
angemold,angeln
evt,hieven
azfab,aufgeben
pkix,Pixel
stimmtÖ,stimmen
zanolari,Angola
s.,ÔªøA
tbw-train,beitreten
schieck,schicken
rahel,prahlen
survac,sprechen
gewoht,wohnen
cloud-funktion,laden
far-los,farblos
softwarstand,starten
upda,Fulda
javax.net.ssl.sslhandshakeexception,ja
passwortzurucksetz,Passwort
kaput,kauen
sensoren+aktor,Sensor
nocheinmal,Nochmalige
daruf,d√ºrfen
macbookÖ,Wachboot
aspiration/,Konspiration
herunterrlad,herunterrasseln
locat,lochen
installationsprgramm,Installation
schlegel,schwelgen
verchied,verscheiden
problehm,Problem
internetverbing,Intervenierte
koonn,Kolonie
authorisiert,autorisieren
norme-auuszug,normen
merm,ich
brulhart,brutal
screenhot,scheren
windlin,Windel
..mehr,mehren
oesch,l√∂schen
anderun,Andere
sost,saugen
geschrib,schreiben
troz,trotzen
mail-adressexxx,mild
konnnt,k√∂nnen
kollega,Kolleg
hep-app,pappen
xxft,oft
unterrichtseb,unterrichten
e-mail-verkehr,Freiverkehr
grateanzahl,Rate
vollzug,Vollzug
furr,Furore
trozd,trotzdem
lehrgangsunterlag,Lehrgang
aufbeheb,aufheben
freunlich,freundlich
pangsioniert,pensionieren
urs.ruf,US-amerikanischen
anderort,anfordern
bucherzugriff,durchgreifen
ubershchritt,beschreiten
fr-buch,Farbbuch
bgut,beugen
kapit,kapieren
berufslehr,beruflich
synkronisiert,narkotisieren
normen-auszug,Normen
koennt,kennen
zweitgerat,zweit
leh,leihen
ploetzlich,letztlich
neuaufsetz,Neubau
ichhab,ich
natel,nabeln
protokoll-datei,Protokoll
problemanfrag,Problem
waage+dosiergerat,wegradieren
durchklick,durchflechten
geisst,missen
schulkollegin,Schrullige
angemuld,angeln
teanzahl,anzahlen
couponscod,Coup
e-,eh
dasssss,dass
eingellost,eindellen
beook-profil,√ºberfallen
d.,da
verwechslt,verwechseln
anmeldungsdat,Anmeldung
entregistri,enteisen
.gerateanzahl,raten
aussschliess,ausschlafen
steinmann,Stein
$,ab
benutzernamen.xxx,Benutzer
p.,LP
ressourcenmonitor,Ressource
automobilgewerb,autogen
keiknzugeidf,Einzug
freundliche,freundlich
jezt,Jet
requested,frequent
berit,bereiten
rep.,Krepp
einschik,einschenken
ika-lehrerein,Kalberei
nando,nullen
lengwil,klingeln
isch,fischen
ahb,ab
linzenzentfern,Inszenierte
livia,Viola
hinterst,hinter
einschrieb,einschreiben
funktioniet,funktionieren
ignoriert.,ignorieren
maksuti,kommen
seiennumm,sein
kostenwes,kostend
esma,ich
samsungnotebook,Salbungsvollste
uptat,tun
ensteht,einstehen
kien,kein
beok,bevor
mac-adress,machbar
nierg,niedrig
eun,Eule
kapput,kappen
..die,der
swissmem-seit,scheissen
aspiration,Konspiration
bez,beizen
wyss,Gysi
inkscape/intern,Inspizient
.bitt,bitten
vidografi,Biografie
fehlurteil,Fehlurteil
backerin/konditorin,Backe
flachdach,Flachdach
nootbook,monoton
automobil-mechatroniker/-in,automatisch
gibl*,geben
aktivierungcod,Aktivierung
calling,allein
hochgeschaltet,hochachten
handslungsspezif,Handlung
ezahlt,bezahlen
buech,buchen
unabl,nabeln
paaswort,Passwort
funktiontiert,funktionieren
faild,abbilden
lenkgeometr,gemolken
martinas,Martin
synchronsisi,Schrot
pola,polen
abbrach,abbrechen
testlizenzbuch,teilen
inderbitzin,Indizierte
gillt,grillen
warnumg,warum
grunlagenbuch,Grundlage
medienkatalog,Medium
einschreibt,einschreiben
gerateanzal,raten
topt,topfen
untersturtz,unterstreuen
furt,fahren
labtop,laben
vertiefungsfrag,Vertiefen
trudi,Rudi
b.,ab
ubernehem,benehmen
instalir,installieren
leuchtstift,leuchten
uberschrit,unterschreiten
leng,engen
honor,honorig
seetalstrass,stehlen
funktionieret,funktionieren
ruswil,auswickeln
aktualsiert,aktualisieren
berufsbildner/inn,Berufsbildende
lizenztyp,Lizenz
lamanna,Lama
stromweg,Strom
germann,gerinnen
gutefall,gefallen
aktievierungscod,Aktivieren
inksap,Inka
verstantnis,Verstand
insgesammt,singen
fehelermel,fehlend
qv,IQ
netzwerkfehl,entwerfen
umsezipebx,umsetzen
totalschad,totlachen
beabeit,bearbeiten
flavia,Claudia
uptad,zustehen
loginversuch,Logische
instelliert-,hinstellen
ameld,abmelden
texband,bestehen
haklaj,Schakal
regestriert,registrieren
aktiveri,aktiv
aufschalt,aufschnallen
elektroniker/inn,Elektron
berabeit,bearbeiten
eingelogt,einlegen
berufsbildn,berufsbildend
zigt,zeigen
.es,ich
zuschalt,zuschnallen
habezuerstdieappaufmeinemiphoneaktiviert.daichmirjetzteinipadgekaufthabemochteichdieappaufdiesemnutzen.dasiphonekanngeloschtwerd,heuern
log-datei,loggen
abklar,abklappern
fer,ufern
geratenzahl,raten
gelosch,l√∂schen
neugekauft,freikaufen
murt,murren
erfolgslos,erfolglos
eingezahlt,einzahlen
aufgestartet,aufgestaut
registriet,registrieren
hintufug,hintragen
rehweg,Reh
irgend,igeln
updatet,hupen
trosch,dreschen
gradel,Grad
sturtz,Sturz
daten/markierungen/arbeitsblatt,Generierung
efz,seufzen
mot,motten
lerhbuch,Lehrbuch
vermahl,vermalen
beook-team,bekocht
faltsch,falsch
interent,Hintere
ersatzcomput,ersatzlos
hep-elehrmittel,herleiten
nachgefrat,nachfragen
rechtklick,rechtlich
villig,billigen
spannungsabfall,Spannen
sun.security.valdator.validatorexception,saunen
beookbildschirm,bebildert
korriegi,kriegen
losun,Losung
schaufelberg,schaufeln
nachgemacht,nachmachen
zh,zahlen
imemr,zimmern
anderernfall,ander
www.swissmem-elearning.ch,Wissenswerte
felhermeld,fehlerlos
erschent,erscheinen
onlinebuch,Wohnliche
kapittel,Kapitel
funktionirt,funktionieren
santlich,sanglich
ihen,mein
solt,sollen
zuruckknopf,abdrucken
baukonstruktion,Rekonstruktion
*gerateanzahl*,raten
freunldich,freundlich
entspech,entsprechen
gvpyegytnj,geigen
plaku,pflaumen
lazar,Lazarett
jovanovic,JVA
dÍin,mein
textbaend,texten
internet-einstell,Interne
aufsezt,aufseufzen
aktualis,aktualisieren
einemn,einer
kann/muss,Kanu
schaffhaus,schaffen
heim-pc,Heim
agvs-,AG
floating-lizenz,Litanei
lauk,lau
schonn,Schonen
ivana,Ivan
dargetsellt,darstellen
*steinmann,Stein
freigeschalt,freihalten
desshalb,deshalb
d.h,dachen
weitergeholf,weiterhelfen
probook,proben
leihcomput,Leihamt
nootebok,booten
akbxujuf,ab
bearbeited,bearbeiten
finde/bekomm,finden
neulich,neuerlich
rechtslehrmittel,rechtsliberal
didgetom,dingen
lernmitteln,Lernmittel
zeichnungsfen,Zeichnung
freischaltungscod,Freischlag
imoment,Moment
gruse,Gruss
aufricht,aufbrechen
qualcom,qualmen
elitebook,Elite
ergeht,vergehen
modellehrgang,Modell
losungen/wort,Losung
could,foulen
eingetroff,eintreffen
hatte..,haben
vido,Video
mittarbeit,mitarbeiten
kilick,kicken
noemi,nobel
deusch,deutschen
.konn,Ikone
service-techn,Servierte
wegg,weggeben
larin,Latrine
reinschreib,einschreiben
schnel,schnellen
mochtr,m√∂gen
rumzuschlag,umschlagen
zuckerain,zucken
byod,Bodo
kontitorei,Kontor
leistungsziel,Leistung
funktiniert,funktionieren
library.,liberal
f.,FU
macbookpro,Cooper
vonnallenngerat,voll
eingeg,einigen
grat,graben
android-gerat,andringen
netzwerk/kommunikationsfehl,Antikommunistische
liez,lieben
amson,Famose
ruedi,Rudi
habe.hab,haben
lizenccod,blitzen
liestal,lesen
samtron,samen
problemart,proklamieren
ineich,hinreichen
erstanmeld,erstehen
adresss,adressieren
wuss,Wulst
herunterglad,herunterkommen
tiptop,tippen
lizenzgeschicht,einschleichen
gerateidentifikation,raten
medion-tabletandroid,einstaubend
app-aktualisier,aktualisieren
jetty,Jet
fachblatt-epap,fachen
schalten..,schelten
coupong,Coup
aktualisierungscodewird,Aktualisieren
e-books-lizenz,Obelisk
dittli,dritteln
anmeldeforgang,anmelden
aufgehankt,aufhaken
fehrlermeld,fehlend
kontoeingab,Konto
immr,zimmern
fachrechenbuch,nachrechnen
esthermartin,Hattersheimer
weiterenneu,Weitere
lehrmittelcoupon,Lernmittel
jedesmal,jed
freuund,freunden
heruntergeland,herunterfallen
organi,Organ
fuktion,Auktion
aufgeg,aufjagen
akktivierungscod,Aktivieren
ausbildungsein,Ausbildung
saurenmann,Saure
zusammenschiss,zusammenschiessen
landschaftsgartnerin,Landschaft
retia,Freitag
allllllll,all
erkenbar,erkennbar
ip-adress,Paradies
hauschenrast,Haschen
moch,m√∂gen
lizens-limit,lesen
augustich,Ausstich
instalirt,installieren
eien,Eid
duch,duschen
//,ab
buchenberg,buchend
gibgl,geben
netzwerk-/kommunikationsfehl,Antikommunistische
lizenzunterlag,Lizenz
kundg,kundgeben
auszulogg,ausziehen
konstrukteurin,Konstrukt
desktop-pc,desto
vollversin,voll
buch/dokument,durchbekommen
repeti,reiten
anmelden..,anmelden
unvollstandi,unvollst√§ndig
pc-,PC
amag,Blamage
maschi,Maschine
aufloes,auflesen
goetschi,fischen
hilfe-seit,hinlaufen
gutentag,gut
bucher-icon,buchen
zusatzaufgab,Zusatz
schlepp,schleppen
aktivierungs-,Aktivierung
uek-laptop,umklappen
zulad,zuladen
konnto,k√∂nnen
casadei,ausbaden
e-lermittel,ermitteln
wiederzubekomm,wiederbekommen
ahang,Aushang
bissher,beissen
chefexpertin,nacheifern
einlosen/,einfliessen
berufsbildungsverantwort,Berufsbildende
.ich,ich
hanselmann,Anmalen
zugeschikt,zuschneien
wuthrich,wuchern
zugemacht,zumachen
mermal,Merkmal
klind,klimmen
suport,Support
europa-fachbuch,Durchbruch
synchrinisiert,inthronisieren
smartphonefotos,smart
gedownloadet,wandeln
fasnacht,anfachen
kabbut,abbauen
klassen-lehrperson,Klasse
europalehrmittel,Europameister
domanen-adminrecht,Nomade
heisssssssst,heissen
hensel,Henkel
ledigich,leidlich
ruag,Rang
mehreremal,mehrer
synchronisationsproblem,psychosomatisch
beook-sofwar,Beck
students-bwzofing,Student
zerndl,zehren
sommerpaus,Sommer
schulungspc,Schulung
wischeinstell,Wischen
karriert,karren
vielmal,viel
dhk,dachen
jdeoch,doch
inderkum,indem
__________________________________________________________________________________________________________________________________,ab
repetitionsaufgab,Repetitive
widerhol,wiederholen
eventuel,eventuell
spiez,speien
algebra-buch,aufbrauchen
drinn,Dirne
latop,topfen
aktivierung/deaktivier,Aktivierung
aktualiesi,aktualisieren
ausfuhl,ausfahren
entlich,etlich
fasl,faseln
doinic,dienlich
teilen-funktion,Eigenfunktion
vorbereitungsklass,Vorbereiten
geratenazahl,raten
irËn,Ire
passwwort,Passwort
tablet-pc,laben
ersatz-,Ersatz
intalliert,installieren
tablet/,laben
collecting,oll
itern,Liter
aufstart,aufstauen
pasiert,passieren
log-fil,l√ºgen
istalliert,installieren
werkstatlehr,rektal
henguely,engen
gespeichrt,speichern
swissmem-cloud,sittsam
herumzickt,herumziehen
gerateuberschreit,gestrauchelt
geschaftsaccount-,schaffen
aufzustart,auftreten
zuruckstell,zur√ºckstellen
ausbildn,Ausbilden
einpaar,einparken
machineworld-buch,machen
leptop,polen
zuruckzusetzt,zur√ºckstutzen
bittedringen,Bittende
aufjedenfall,auffallend
nichtmehr,nichtig
zuruksetz,zur√ºcksetzen
verbrennungsmotor-motorbauart,verbrennen
richemontkonto,Richtkrone
swissmen-applikation,Dissimilation
bkc,abkochen
oeffn,offen
serricchio,erbrechen
bwz,BMW
reichenÖ,Reiche
instralli,installieren
//www.hep-verlag.ch/elehrmittel-app-herunterlad,heruntermachend
ubernom,zaubernd
floriana,Florian
n.,an
funkutioniert,funktionieren
zeischnungseditor,Zeichnung
energieverteilung-leistungsberechn,engen
gerateinstallation,Geraten
kan.,an
personalfuhr,personal
geroteanzahl,tun
qendresa,Ende
porbl,polen
allt,ballen
nfz,infizieren
lapotop,lappen
e-lehrmittelapp,belehrt
ausschalten/neu,ausschelten
reperatur,reparieren
reingeh,rein
www.hep-verlag.ch,herumsprechen
home-pc,Dom
ect,echt
ubergangsmass,√ºbergangslos
angezeit,anzeigen
gelosst,losen
werac,Weihrauch
moglichdass,Mogadischu
-hp,hupen
testbuch,buchten
gutenbergstrass,Gutenberg
moglicht,gleichen
lehrbetrieb,lehren
sps-praktisch,sarkastisch
firmawied,firmen
luftungsanlag,Blutung
elektik-elektron,Elektriker
speichere/,speichern
mmer,Ammer
zeichnungsvorlag,Zeichnen
jenig,jen
mettalwork,matt
instaliertÖ,installieren
-all,all
bets,Beet
warscheindloch,waschen
geselschaftsbuch,gesellschaftlich
--,ab
methigon,Methode
heizungs-,Einzug
deie,mein
krummenach,krummnehmen
ersatzhandy,erstehen
geupdatet,graupeln
bekahm,bekommen
baustoffkund,bauen
motot,Motto
bereitz,bereiten
rauslosch,ausl√∂schen
tafelmei,staffeln
allenspach,ansprechen
zuruckgestzt,zur√ºcksetzen
ersatzgerat,Ersatz
jez,Jelzin
bildschirmbruch,Bild
zugangslizenz,Zugang
immerzu,zimmern
ubernohm,benehmen
linuxbetriebssystem,interessant
hanspet,anspeien
geerht,ehren
aufschrieb,aufschreiben
Çvitalzeich,vital
autofizier,autofrei
ueberschritt,unterschreiten
elehrmittel-app,ermitteln
lm-a,Alma
ihrkonntallecomputergerateloschenspieltkeinerolle.habekeinederangeeldetengeratemehr,mein
eingegebn,eingeben
aktualiwiert,aktualisieren
dobl,doubeln
tuen,Tube
freunldcih,freundlich
uberrschritt,beschneiden
enem,jen
instruktor,instruktiv
gin,Gin
phzh-account,hochachten
email-adress,mild
aktulisi,aktualisieren
gefugt,fugen
uninstalling,unwillig
backerei-bad,backend
fechkundebuch,fauchend
wals,Wal
beook.cloud,beklauen
zurucksezt,zucken
xxx.xxxxx,boxen
st.,sein
baltt,balgen
bbb,Bobby
ausbildungscent,Ausbildung
freischallt,erschallen
-konditor,Konditor
netzfehl,Netz
w.,wo
reichmuth,reichen
deinstaliert,installieren
prufungsbuch,Sprung
hur,Hauer
kss,kess
berufsmaturitat,berufen
meldungall,Meldung
lediglichan,Leidliche
ubernihmt,benehmen
be-med,beatmen
imein,Film
ihrgend,mein
felde/seit,Feld
ubeschritt,beschreiten
fleischwirtschaft,Fleisch
buchcod,buchen
ordung,Rodung
zeichung,Eichung
sun.security.provider.certpath.suncertpathbuilderexception,saunen
sunn.security.provider.certpath.suncertpathbuilderexception,sinnen
furkan,franzen
insallation/aktualisiser,nationalistisch
celiku,Clique
franziska,Franziskaner
desinstaliert,dental
durum,Aurum
habendoch,haben
einparmal,einparken
beook-buch,bekochen
gerate-anzahl,raten
geret,gehren
aussermvon,ausser
snv,sinnvoll
j.,ja
neies,Ei
abgeloff,abklopfen
macadress,machbar
prol,polen
portalansicht,Totalansicht
ofnet,oft
schik,schicken
finanz-,Finanz
maibach,abmachen
adelina,Adel
zugelegt,zulegen
schonmal,schalen
gutan,tun
intensiev,intensiv
grudlagebuch,Grundlage
inscap,einschnappen
coponcod,Composer
bildberatbeitungsprogramm,bilden
akoya,Akronym
kooperatio,Kooperation
steinman,Stein
bp,abpassen
x-telefon,Telefon
eith,Edith
jannuzzi,an
stv,Steve
garnicht,anbrechen
genutzt-,nutzen
schulmailadress,schuldlos
kreditkauf,Kredit
herunterhald,herunterfallen
grundlagenband,Grundlage
offizeill,offiziell
nivht,Nichte
___________________,ab
aktualisierungspfeil,aktualisieren
anwort,Jawort
fachrechnungsbuch,Nachrechnen
sonstnoch,sonnen
fachunterlag,unterliegen
¶,ab
mettl,mitteln
erlichgesagt,erbleichen
anshliess,anschliessen
